29.0,9.0,USTH502-Guest2,99,87.0,2018-11-29,17:16:10
29.0,9.0,USTH502-Guest1,94,87.0,2018-11-29,17:16:10
29.0,9.0,USTH HTQT,37,87.0,2018-11-29,17:16:10
29.0,9.0,TP-Link_6300,35,87.0,2018-11-29,17:16:10
29.0,9.0,STD-312,35,87.0,2018-11-29,17:16:10
29.0,9.0,ICTLab Y,41,87.0,2018-11-29,17:16:10
29.0,9.0,ICTLab 506,35,87.0,2018-11-29,17:16:10
29.0,9.0,USTH_WEO,33,87.0,2018-11-29,17:16:10
29.0,9.0,,37,87.0,2018-11-29,17:16:10
29.0,9.0,ICTLab Y 5GHz,26,87.0,2018-11-29,17:16:10
29.0,9.0,USTH-PUBLICT6,30,87.0,2018-11-29,17:16:10
29.0,9.0,USTH_404_5G,26,87.0,2018-11-29,17:16:10
29.0,9.0,USTHSTUDENTO6,28,87.0,2018-11-29,17:16:10
29.0,9.0,TP-LINK_8228,30,87.0,2018-11-29,17:16:10
29.0,9.0,TruongSon,30,87.0,2018-11-29,17:16:10
29.0,9.0,USTH-NANO,24,87.0,2018-11-29,17:16:10
29.0,9.0,USTH-UIU,24,87.0,2018-11-29,17:16:10
29.0,9.0,USTH-6TH-STAFF,24,87.0,2018-11-29,17:16:10
29.0,9.0,129,22,87.0,2018-11-29,17:16:10
29.0,9.0,USTH-AP11,22,87.0,2018-11-29,17:16:10

29.0,9.0,USTH502-Guest2,99,171.0,2018-11-29,17:16:15
29.0,9.0,USTH502-Guest1,94,171.0,2018-11-29,17:16:15
29.0,9.0,USTH HTQT,37,171.0,2018-11-29,17:16:15
29.0,9.0,TP-Link_6300,35,171.0,2018-11-29,17:16:15
29.0,9.0,STD-312,35,171.0,2018-11-29,17:16:15
29.0,9.0,ICTLab Y,41,171.0,2018-11-29,17:16:15
29.0,9.0,ICTLab 506,35,171.0,2018-11-29,17:16:15
29.0,9.0,USTH_WEO,33,171.0,2018-11-29,17:16:15
29.0,9.0,,37,171.0,2018-11-29,17:16:15
29.0,9.0,ICTLab Y 5GHz,26,171.0,2018-11-29,17:16:15
29.0,9.0,USTH-PUBLICT6,30,171.0,2018-11-29,17:16:15
29.0,9.0,USTH_404_5G,26,171.0,2018-11-29,17:16:15
29.0,9.0,USTHSTUDENTO6,28,171.0,2018-11-29,17:16:15
29.0,9.0,TP-LINK_8228,30,171.0,2018-11-29,17:16:15
29.0,9.0,TruongSon,30,171.0,2018-11-29,17:16:15
29.0,9.0,USTH-NANO,24,171.0,2018-11-29,17:16:15
29.0,9.0,USTH-UIU,24,171.0,2018-11-29,17:16:15
29.0,9.0,USTH-6TH-STAFF,24,171.0,2018-11-29,17:16:15
29.0,9.0,129,22,171.0,2018-11-29,17:16:15
29.0,9.0,USTH-AP11,22,171.0,2018-11-29,17:16:15

29.0,9.0,USTH502-Guest2,99,248.0,2018-11-29,17:16:17
29.0,9.0,USTH502-Guest1,96,248.0,2018-11-29,17:16:17
29.0,9.0,USTH-6TH-STAFF,44,248.0,2018-11-29,17:16:17
29.0,9.0,TP-Link_6300,35,248.0,2018-11-29,17:16:17
29.0,9.0,STD-312,35,248.0,2018-11-29,17:16:17
29.0,9.0,ICTLab Y,41,248.0,2018-11-29,17:16:17
29.0,9.0,USTH_WEO,33,248.0,2018-11-29,17:16:17
29.0,9.0,ICTLab Y 5GHz,26,248.0,2018-11-29,17:16:17
29.0,9.0,USTH HTQT,30,248.0,2018-11-29,17:16:17
29.0,9.0,USTH-PUBLICT6,30,248.0,2018-11-29,17:16:17
29.0,9.0,ICTLab 506,26,248.0,2018-11-29,17:16:17
29.0,9.0,USTH_404_5G,26,248.0,2018-11-29,17:16:17
29.0,9.0,USTHSTUDENTO6,28,248.0,2018-11-29,17:16:17
29.0,9.0,USTH-NANO,24,248.0,2018-11-29,17:16:17
29.0,9.0,USTH-UIU,24,248.0,2018-11-29,17:16:17
29.0,9.0,129,22,248.0,2018-11-29,17:16:17
29.0,9.0,124b2,28,248.0,2018-11-29,17:16:17
29.0,9.0,USTH-AP11,17,248.0,2018-11-29,17:16:17
29.0,9.0,Nematology_2,19,248.0,2018-11-29,17:16:17
29.0,9.0,USTH-Admin,19,248.0,2018-11-29,17:16:17

29.0,9.0,USTH502-Guest2,99,351.0,2018-11-29,17:16:20
29.0,9.0,USTH502-Guest1,96,351.0,2018-11-29,17:16:20
29.0,9.0,USTH-6TH-STAFF,44,351.0,2018-11-29,17:16:20
29.0,9.0,TP-Link_6300,35,351.0,2018-11-29,17:16:20
29.0,9.0,STD-312,35,351.0,2018-11-29,17:16:20
29.0,9.0,ICTLab Y,41,351.0,2018-11-29,17:16:20
29.0,9.0,USTH_WEO,33,351.0,2018-11-29,17:16:20
29.0,9.0,ICTLab Y 5GHz,26,351.0,2018-11-29,17:16:20
29.0,9.0,USTH HTQT,30,351.0,2018-11-29,17:16:20
29.0,9.0,USTH-PUBLICT6,30,351.0,2018-11-29,17:16:20
29.0,9.0,ICTLab 506,26,351.0,2018-11-29,17:16:20
29.0,9.0,USTH_404_5G,26,351.0,2018-11-29,17:16:20
29.0,9.0,USTHSTUDENTO6,28,351.0,2018-11-29,17:16:20
29.0,9.0,USTH-NANO,24,351.0,2018-11-29,17:16:20
29.0,9.0,USTH-UIU,24,351.0,2018-11-29,17:16:20
29.0,9.0,129,22,351.0,2018-11-29,17:16:20
29.0,9.0,124b2,28,351.0,2018-11-29,17:16:20
29.0,9.0,USTH-AP11,17,351.0,2018-11-29,17:16:20
29.0,9.0,Nematology_2,19,351.0,2018-11-29,17:16:20
29.0,9.0,USTH-Admin,19,351.0,2018-11-29,17:16:20

29.0,10.0,USTH502-Guest2,99,91.0,2018-11-29,17:16:35
29.0,10.0,USTH502-Guest1,99,91.0,2018-11-29,17:16:35
29.0,10.0,USTH-6TH-STAFF,55,91.0,2018-11-29,17:16:35
29.0,10.0,USTH HTQT,41,91.0,2018-11-29,17:16:35
29.0,10.0,ICTLab Y,41,91.0,2018-11-29,17:16:35
29.0,10.0,ICTLab 506,35,91.0,2018-11-29,17:16:35
29.0,10.0,USTHSTUDENTO6,39,91.0,2018-11-29,17:16:35
29.0,10.0,Nematology_2,35,91.0,2018-11-29,17:16:35
29.0,10.0,ICTLab Y 5GHz,26,91.0,2018-11-29,17:16:35
29.0,10.0,USTH-PUBLICT6,30,91.0,2018-11-29,17:16:35
29.0,10.0,USTH_WEO,30,91.0,2018-11-29,17:16:35
29.0,10.0,USTH-NANO,24,91.0,2018-11-29,17:16:35
29.0,10.0,129,22,91.0,2018-11-29,17:16:35
29.0,10.0,USTH-AP11,28,91.0,2018-11-29,17:16:35
29.0,10.0,124b2,24,91.0,2018-11-29,17:16:35
29.0,10.0,USTH_404,28,91.0,2018-11-29,17:16:35
29.0,10.0,,26,91.0,2018-11-29,17:16:35
29.0,10.0,USTH-UIU,19,91.0,2018-11-29,17:16:35
29.0,10.0,USTH-Admin,19,91.0,2018-11-29,17:16:35
29.0,10.0,TP-LINK_E31588,19,91.0,2018-11-29,17:16:35

29.0,10.0,USTH502-Guest2,99,165.0,2018-11-29,17:16:38
29.0,10.0,USTH502-Guest1,99,165.0,2018-11-29,17:16:38
29.0,10.0,ICTLab Y,59,165.0,2018-11-29,17:16:38
29.0,10.0,USTH-6TH-STAFF,55,165.0,2018-11-29,17:16:38
29.0,10.0,USTH-PUBLICT6,44,165.0,2018-11-29,17:16:38
29.0,10.0,USTHSTUDENTO6,44,165.0,2018-11-29,17:16:38
29.0,10.0,ICTLab Y 5GHz,35,165.0,2018-11-29,17:16:38
29.0,10.0,USTH HTQT,41,165.0,2018-11-29,17:16:38
29.0,10.0,ICTLab 506,35,165.0,2018-11-29,17:16:38
29.0,10.0,USTH_WEO,30,165.0,2018-11-29,17:16:38
29.0,10.0,USTH-NANO,24,165.0,2018-11-29,17:16:38
29.0,10.0,129,22,165.0,2018-11-29,17:16:38
29.0,10.0,USTH-AP11,28,165.0,2018-11-29,17:16:38
29.0,10.0,Nematology_2,28,165.0,2018-11-29,17:16:38
29.0,10.0,124b2,24,165.0,2018-11-29,17:16:38
29.0,10.0,USTH_404,28,165.0,2018-11-29,17:16:38
29.0,10.0,,26,165.0,2018-11-29,17:16:38
29.0,10.0,USTH-UIU,19,165.0,2018-11-29,17:16:38
29.0,10.0,USTH-Admin,19,165.0,2018-11-29,17:16:38
29.0,10.0,TP-LINK_E31588,19,165.0,2018-11-29,17:16:38

29.0,10.0,USTH502-Guest2,99,250.0,2018-11-29,17:16:40
29.0,10.0,USTH502-Guest1,85,250.0,2018-11-29,17:16:40
29.0,10.0,ICTLab Y,59,250.0,2018-11-29,17:16:40
29.0,10.0,USTH-6TH-STAFF,46,250.0,2018-11-29,17:16:40
29.0,10.0,ICTLab Y 5GHz,35,250.0,2018-11-29,17:16:40
29.0,10.0,USTH HTQT,35,250.0,2018-11-29,17:16:40
29.0,10.0,USTH-PUBLICT6,35,250.0,2018-11-29,17:16:40
29.0,10.0,ICTLab 506,35,250.0,2018-11-29,17:16:40
29.0,10.0,USTHSTUDENTO6,33,250.0,2018-11-29,17:16:40
29.0,10.0,datviettv,33,250.0,2018-11-29,17:16:40
29.0,10.0,USTH_WEO,30,250.0,2018-11-29,17:16:40
29.0,10.0,USTH-AP11,24,250.0,2018-11-29,17:16:40
29.0,10.0,Nematology_2,28,250.0,2018-11-29,17:16:40
29.0,10.0,124b2,24,250.0,2018-11-29,17:16:40
29.0,10.0,USTH_404,28,250.0,2018-11-29,17:16:40
29.0,10.0,,22,250.0,2018-11-29,17:16:40
29.0,10.0,  小米共享WiFi_9F27,28,250.0,2018-11-29,17:16:40
29.0,10.0,USTH-UIU,19,250.0,2018-11-29,17:16:40
29.0,10.0,USTH-Admin,19,250.0,2018-11-29,17:16:40
29.0,10.0,TP-LINK_E31588,19,250.0,2018-11-29,17:16:40

29.0,10.0,USTH502-Guest2,99,11.0,2018-11-29,17:16:44
29.0,10.0,USTH502-Guest1,92,11.0,2018-11-29,17:16:44
29.0,10.0,ICTLab Y,59,11.0,2018-11-29,17:16:44
29.0,10.0,USTH-6TH-STAFF,46,11.0,2018-11-29,17:16:44
29.0,10.0,ICTLab Y 5GHz,35,11.0,2018-11-29,17:16:44
29.0,10.0,USTH-PUBLICT6,35,11.0,2018-11-29,17:16:44
29.0,10.0,ICTLab 506,35,11.0,2018-11-29,17:16:44
29.0,10.0,USTHSTUDENTO6,33,11.0,2018-11-29,17:16:44
29.0,10.0,datviettv,33,11.0,2018-11-29,17:16:44
29.0,10.0,USTH_404_5G,33,11.0,2018-11-29,17:16:44
29.0,10.0,USTH HTQT,30,11.0,2018-11-29,17:16:44
29.0,10.0,USTH_WEO,30,11.0,2018-11-29,17:16:44
29.0,10.0,Nematology_2,28,11.0,2018-11-29,17:16:44
29.0,10.0,124b2,24,11.0,2018-11-29,17:16:44
29.0,10.0,USTH_404,28,11.0,2018-11-29,17:16:44
29.0,10.0,,22,11.0,2018-11-29,17:16:44
29.0,10.0,  小米共享WiFi_9F27,28,11.0,2018-11-29,17:16:44
29.0,10.0,USTH-UIU,19,11.0,2018-11-29,17:16:44
29.0,10.0,USTH-AP11,19,11.0,2018-11-29,17:16:44
29.0,10.0,TP-LINK_E31588,19,11.0,2018-11-29,17:16:44

29.0,11.0,USTH502-Guest2,99,90.0,2018-11-29,17:16:50
29.0,11.0,USTH502-Guest1,99,90.0,2018-11-29,17:16:50
29.0,11.0,ICTLab Y,59,90.0,2018-11-29,17:16:50
29.0,11.0,USTH-6TH-STAFF,46,90.0,2018-11-29,17:16:50
29.0,11.0,ICTLab Y 5GHz,35,90.0,2018-11-29,17:16:50
29.0,11.0,USTH-PUBLICT6,35,90.0,2018-11-29,17:16:50
29.0,11.0,ICTLab 506,35,90.0,2018-11-29,17:16:50
29.0,11.0,USTHSTUDENTO6,33,90.0,2018-11-29,17:16:50
29.0,11.0,datviettv,33,90.0,2018-11-29,17:16:50
29.0,11.0,USTH_404_5G,41,90.0,2018-11-29,17:16:50
29.0,11.0,USTH HTQT,30,90.0,2018-11-29,17:16:50
29.0,11.0,USTH_WEO,30,90.0,2018-11-29,17:16:50
29.0,11.0,124b2,24,90.0,2018-11-29,17:16:50
29.0,11.0,USTH_404,28,90.0,2018-11-29,17:16:50
29.0,11.0,,22,90.0,2018-11-29,17:16:50
29.0,11.0,  小米共享WiFi_9F27,28,90.0,2018-11-29,17:16:50
29.0,11.0,USTH-UIU,19,90.0,2018-11-29,17:16:50
29.0,11.0,USTH-AP11,19,90.0,2018-11-29,17:16:50
29.0,11.0,Nematology_2,19,90.0,2018-11-29,17:16:50

29.0,11.0,USTH502-Guest2,99,161.0,2018-11-29,17:16:53
29.0,11.0,USTH502-Guest1,99,161.0,2018-11-29,17:16:53
29.0,11.0,ICTLab Y,59,161.0,2018-11-29,17:16:53
29.0,11.0,USTH-6TH-STAFF,46,161.0,2018-11-29,17:16:53
29.0,11.0,ICTLab Y 5GHz,35,161.0,2018-11-29,17:16:53
29.0,11.0,USTH-PUBLICT6,35,161.0,2018-11-29,17:16:53
29.0,11.0,ICTLab 506,35,161.0,2018-11-29,17:16:53
29.0,11.0,USTHSTUDENTO6,33,161.0,2018-11-29,17:16:53
29.0,11.0,datviettv,33,161.0,2018-11-29,17:16:53
29.0,11.0,USTH_404_5G,41,161.0,2018-11-29,17:16:53
29.0,11.0,USTH HTQT,30,161.0,2018-11-29,17:16:53
29.0,11.0,USTH_WEO,30,161.0,2018-11-29,17:16:53
29.0,11.0,124b2,24,161.0,2018-11-29,17:16:53
29.0,11.0,USTH_404,28,161.0,2018-11-29,17:16:53
29.0,11.0,,22,161.0,2018-11-29,17:16:53
29.0,11.0,  小米共享WiFi_9F27,28,161.0,2018-11-29,17:16:53
29.0,11.0,USTH-UIU,19,161.0,2018-11-29,17:16:53
29.0,11.0,USTH-AP11,19,161.0,2018-11-29,17:16:53
29.0,11.0,Nematology_2,19,161.0,2018-11-29,17:16:53

29.0,11.0,USTH502-Guest2,99,236.0,2018-11-29,17:16:56
29.0,11.0,USTH502-Guest1,88,236.0,2018-11-29,17:16:56
29.0,11.0,ICTLab Y,59,236.0,2018-11-29,17:16:56
29.0,11.0,USTH-6TH-STAFF,44,236.0,2018-11-29,17:16:56
29.0,11.0,ICTLab Y 5GHz,35,236.0,2018-11-29,17:16:56
29.0,11.0,USTH HTQT,39,236.0,2018-11-29,17:16:56
29.0,11.0,USTH-PUBLICT6,35,236.0,2018-11-29,17:16:56
29.0,11.0,USTHSTUDENTO6,35,236.0,2018-11-29,17:16:56
29.0,11.0,datviettv,33,236.0,2018-11-29,17:16:56
29.0,11.0,USTH_404_5G,37,236.0,2018-11-29,17:16:56
29.0,11.0,USTH_WEO,28,236.0,2018-11-29,17:16:56
29.0,11.0,,22,236.0,2018-11-29,17:16:56
29.0,11.0,  小米共享WiFi_9F27,28,236.0,2018-11-29,17:16:56
29.0,11.0,TP-Link_6300,22,236.0,2018-11-29,17:16:56
29.0,11.0,USTH-AP11,19,236.0,2018-11-29,17:16:56
29.0,11.0,Nematology_2,19,236.0,2018-11-29,17:16:56

29.0,11.0,USTH502-Guest2,99,29.0,2018-11-29,17:17:2
29.0,11.0,USTH502-Guest1,88,29.0,2018-11-29,17:17:2
29.0,11.0,ICTLab Y,59,29.0,2018-11-29,17:17:2
29.0,11.0,USTH-6TH-STAFF,44,29.0,2018-11-29,17:17:2
29.0,11.0,ICTLab Y 5GHz,35,29.0,2018-11-29,17:17:2
29.0,11.0,USTH HTQT,39,29.0,2018-11-29,17:17:2
29.0,11.0,USTH-PUBLICT6,35,29.0,2018-11-29,17:17:2
29.0,11.0,USTHSTUDENTO6,35,29.0,2018-11-29,17:17:2
29.0,11.0,datviettv,33,29.0,2018-11-29,17:17:2
29.0,11.0,USTH_404_5G,37,29.0,2018-11-29,17:17:2
29.0,11.0,USTH_WEO,28,29.0,2018-11-29,17:17:2
29.0,11.0,,22,29.0,2018-11-29,17:17:2
29.0,11.0,  小米共享WiFi_9F27,28,29.0,2018-11-29,17:17:2
29.0,11.0,TP-Link_6300,22,29.0,2018-11-29,17:17:2
29.0,11.0,USTH-AP11,19,29.0,2018-11-29,17:17:2
29.0,11.0,Nematology_2,19,29.0,2018-11-29,17:17:2

29.0,12.0,USTH502-Guest2,99,98.0,2018-11-29,17:17:6
29.0,12.0,USTH502-Guest1,99,98.0,2018-11-29,17:17:6
29.0,12.0,ICTLab Y,46,98.0,2018-11-29,17:17:6
29.0,12.0,USTH-6TH-STAFF,44,98.0,2018-11-29,17:17:6
29.0,12.0,ICTLab Y 5GHz,35,98.0,2018-11-29,17:17:6
29.0,12.0,USTH HTQT,33,98.0,2018-11-29,17:17:6
29.0,12.0,USTH-PUBLICT6,37,98.0,2018-11-29,17:17:6
29.0,12.0,USTHSTUDENTO6,35,98.0,2018-11-29,17:17:6
29.0,12.0,datviettv,33,98.0,2018-11-29,17:17:6
29.0,12.0,USTH_WEO,28,98.0,2018-11-29,17:17:6
29.0,12.0,USTH-AP11,22,98.0,2018-11-29,17:17:6
29.0,12.0,,22,98.0,2018-11-29,17:17:6
29.0,12.0,  小米共享WiFi_9F27,28,98.0,2018-11-29,17:17:6
29.0,12.0,USTH_404_5G,28,98.0,2018-11-29,17:17:6
29.0,12.0,TP-Link_6300,22,98.0,2018-11-29,17:17:6
29.0,12.0,Nematology_2,19,98.0,2018-11-29,17:17:6

29.0,12.0,USTH502-Guest2,99,169.0,2018-11-29,17:17:9
29.0,12.0,USTH502-Guest1,99,169.0,2018-11-29,17:17:9
29.0,12.0,ICTLab Y,57,169.0,2018-11-29,17:17:9
29.0,12.0,USTH_WEO,46,169.0,2018-11-29,17:17:9
29.0,12.0,USTH-6TH-STAFF,44,169.0,2018-11-29,17:17:9
29.0,12.0,USTH HTQT,41,169.0,2018-11-29,17:17:9
29.0,12.0,USTH-PUBLICT6,37,169.0,2018-11-29,17:17:9
29.0,12.0,USTHSTUDENTO6,35,169.0,2018-11-29,17:17:9
29.0,12.0,ICTLab Y 5GHz,30,169.0,2018-11-29,17:17:9
29.0,12.0,USTH-AP11,28,169.0,2018-11-29,17:17:9
29.0,12.0,USTH_404_5G,28,169.0,2018-11-29,17:17:9
29.0,12.0,TP-Link_6300,22,169.0,2018-11-29,17:17:9
29.0,12.0,124b2,24,169.0,2018-11-29,17:17:9
29.0,12.0,Nematology_2,19,169.0,2018-11-29,17:17:9

29.0,12.0,USTH502-Guest2,99,239.0,2018-11-29,17:17:13
29.0,12.0,USTH502-Guest1,99,239.0,2018-11-29,17:17:13
29.0,12.0,ICTLab Y,57,239.0,2018-11-29,17:17:13
29.0,12.0,USTH_WEO,46,239.0,2018-11-29,17:17:13
29.0,12.0,USTH-6TH-STAFF,44,239.0,2018-11-29,17:17:13
29.0,12.0,USTH HTQT,41,239.0,2018-11-29,17:17:13
29.0,12.0,USTH-PUBLICT6,37,239.0,2018-11-29,17:17:13
29.0,12.0,USTHSTUDENTO6,35,239.0,2018-11-29,17:17:13
29.0,12.0,ICTLab Y 5GHz,30,239.0,2018-11-29,17:17:13
29.0,12.0,USTH-AP11,28,239.0,2018-11-29,17:17:13
29.0,12.0,USTH_404_5G,28,239.0,2018-11-29,17:17:13
29.0,12.0,TP-Link_6300,22,239.0,2018-11-29,17:17:13
29.0,12.0,124b2,24,239.0,2018-11-29,17:17:13
29.0,12.0,Nematology_2,19,239.0,2018-11-29,17:17:13

29.0,12.0,USTH502-Guest2,99,10.0,2018-11-29,17:17:15
29.0,12.0,USTH502-Guest1,99,10.0,2018-11-29,17:17:15
29.0,12.0,ICTLab Y,57,10.0,2018-11-29,17:17:15
29.0,12.0,USTH_WEO,46,10.0,2018-11-29,17:17:15
29.0,12.0,USTH-6TH-STAFF,44,10.0,2018-11-29,17:17:15
29.0,12.0,USTH HTQT,41,10.0,2018-11-29,17:17:15
29.0,12.0,USTH-PUBLICT6,37,10.0,2018-11-29,17:17:15
29.0,12.0,USTHSTUDENTO6,35,10.0,2018-11-29,17:17:15
29.0,12.0,ICTLab Y 5GHz,30,10.0,2018-11-29,17:17:15
29.0,12.0,USTH-AP11,28,10.0,2018-11-29,17:17:15
29.0,12.0,USTH_404_5G,28,10.0,2018-11-29,17:17:15
29.0,12.0,TP-Link_6300,22,10.0,2018-11-29,17:17:15
29.0,12.0,124b2,24,10.0,2018-11-29,17:17:15
29.0,12.0,Nematology_2,19,10.0,2018-11-29,17:17:15

29.0,13.0,USTH502-Guest2,99,86.0,2018-11-29,17:17:22
29.0,13.0,USTH502-Guest1,92,86.0,2018-11-29,17:17:22
29.0,13.0,USTH-6TH-STAFF,55,86.0,2018-11-29,17:17:22
29.0,13.0,USTH-PUBLICT6,39,86.0,2018-11-29,17:17:22
29.0,13.0,ICTLab Y,39,86.0,2018-11-29,17:17:22
29.0,13.0,USTHSTUDENTO6,37,86.0,2018-11-29,17:17:22
29.0,13.0,ICTLab 506,35,86.0,2018-11-29,17:17:22
29.0,13.0,ICTLab Y 5GHz,30,86.0,2018-11-29,17:17:22
29.0,13.0,USTH HTQT,24,86.0,2018-11-29,17:17:22
29.0,13.0,USTH_WEO,30,86.0,2018-11-29,17:17:22
29.0,13.0,USTH_404_5G,28,86.0,2018-11-29,17:17:22
29.0,13.0,TP-Link_6300,22,86.0,2018-11-29,17:17:22
29.0,13.0,124b2,24,86.0,2018-11-29,17:17:22
29.0,13.0,USTH-UIU,28,86.0,2018-11-29,17:17:22
29.0,13.0,TP-LINK_E31588,28,86.0,2018-11-29,17:17:22
29.0,13.0,TP-LINK_8228,22,86.0,2018-11-29,17:17:22
29.0,13.0,datviettv,30,86.0,2018-11-29,17:17:22
29.0,13.0,  小米共享WiFi_9F27,26,86.0,2018-11-29,17:17:22
29.0,13.0,USTH-AP11,19,86.0,2018-11-29,17:17:22

29.0,13.0,USTH502-Guest2,99,150.0,2018-11-29,17:17:25
29.0,13.0,USTH502-Guest1,88,150.0,2018-11-29,17:17:25
29.0,13.0,USTH-6TH-STAFF,55,150.0,2018-11-29,17:17:25
29.0,13.0,ICTLab Y,44,150.0,2018-11-29,17:17:25
29.0,13.0,ICTLab Y 5GHz,35,150.0,2018-11-29,17:17:25
29.0,13.0,USTH HTQT,33,150.0,2018-11-29,17:17:25
29.0,13.0,USTH-PUBLICT6,39,150.0,2018-11-29,17:17:25
29.0,13.0,USTHSTUDENTO6,37,150.0,2018-11-29,17:17:25
29.0,13.0,ICTLab 506,35,150.0,2018-11-29,17:17:25
29.0,13.0,USTH_WEO,30,150.0,2018-11-29,17:17:25
29.0,13.0,USTH-AP11,22,150.0,2018-11-29,17:17:25
29.0,13.0,USTH_404_5G,28,150.0,2018-11-29,17:17:25
29.0,13.0,TP-Link_6300,22,150.0,2018-11-29,17:17:25
29.0,13.0,124b2,24,150.0,2018-11-29,17:17:25
29.0,13.0,USTH-UIU,28,150.0,2018-11-29,17:17:25
29.0,13.0,TP-LINK_E31588,28,150.0,2018-11-29,17:17:25
29.0,13.0,TP-LINK_8228,22,150.0,2018-11-29,17:17:25
29.0,13.0,datviettv,30,150.0,2018-11-29,17:17:25
29.0,13.0,  小米共享WiFi_9F27,26,150.0,2018-11-29,17:17:25

29.0,13.0,USTH502-Guest2,99,221.0,2018-11-29,17:17:28
29.0,13.0,USTH502-Guest1,88,221.0,2018-11-29,17:17:28
29.0,13.0,USTH-6TH-STAFF,55,221.0,2018-11-29,17:17:28
29.0,13.0,ICTLab Y,44,221.0,2018-11-29,17:17:28
29.0,13.0,ICTLab Y 5GHz,35,221.0,2018-11-29,17:17:28
29.0,13.0,USTH HTQT,33,221.0,2018-11-29,17:17:28
29.0,13.0,USTH-PUBLICT6,39,221.0,2018-11-29,17:17:28
29.0,13.0,USTHSTUDENTO6,37,221.0,2018-11-29,17:17:28
29.0,13.0,ICTLab 506,35,221.0,2018-11-29,17:17:28
29.0,13.0,USTH_WEO,30,221.0,2018-11-29,17:17:28
29.0,13.0,USTH-AP11,22,221.0,2018-11-29,17:17:28
29.0,13.0,USTH_404_5G,28,221.0,2018-11-29,17:17:28
29.0,13.0,TP-Link_6300,22,221.0,2018-11-29,17:17:28
29.0,13.0,124b2,24,221.0,2018-11-29,17:17:28
29.0,13.0,USTH-UIU,28,221.0,2018-11-29,17:17:28
29.0,13.0,TP-LINK_E31588,28,221.0,2018-11-29,17:17:28
29.0,13.0,TP-LINK_8228,22,221.0,2018-11-29,17:17:28
29.0,13.0,datviettv,30,221.0,2018-11-29,17:17:28
29.0,13.0,  小米共享WiFi_9F27,26,221.0,2018-11-29,17:17:28

29.0,13.0,USTH502-Guest2,99,329.0,2018-11-29,17:17:31
29.0,13.0,USTH502-Guest1,88,329.0,2018-11-29,17:17:31
29.0,13.0,USTH-6TH-STAFF,55,329.0,2018-11-29,17:17:31
29.0,13.0,ICTLab Y,44,329.0,2018-11-29,17:17:31
29.0,13.0,ICTLab Y 5GHz,35,329.0,2018-11-29,17:17:31
29.0,13.0,USTH HTQT,33,329.0,2018-11-29,17:17:31
29.0,13.0,USTH-PUBLICT6,39,329.0,2018-11-29,17:17:31
29.0,13.0,USTHSTUDENTO6,37,329.0,2018-11-29,17:17:31
29.0,13.0,ICTLab 506,35,329.0,2018-11-29,17:17:31
29.0,13.0,USTH_WEO,30,329.0,2018-11-29,17:17:31
29.0,13.0,USTH-AP11,22,329.0,2018-11-29,17:17:31
29.0,13.0,USTH_404_5G,28,329.0,2018-11-29,17:17:31
29.0,13.0,TP-Link_6300,22,329.0,2018-11-29,17:17:31
29.0,13.0,124b2,24,329.0,2018-11-29,17:17:31
29.0,13.0,USTH-UIU,28,329.0,2018-11-29,17:17:31
29.0,13.0,TP-LINK_E31588,28,329.0,2018-11-29,17:17:31
29.0,13.0,TP-LINK_8228,22,329.0,2018-11-29,17:17:31
29.0,13.0,datviettv,30,329.0,2018-11-29,17:17:31
29.0,13.0,  小米共享WiFi_9F27,26,329.0,2018-11-29,17:17:31

30.0,13.0,USTH502-Guest2,99,89.0,2018-11-29,17:17:38
30.0,13.0,USTH502-Guest1,99,89.0,2018-11-29,17:17:38
30.0,13.0,USTH-6TH-STAFF,55,89.0,2018-11-29,17:17:38
30.0,13.0,ICTLab Y,44,89.0,2018-11-29,17:17:38
30.0,13.0,ICTLab Y 5GHz,35,89.0,2018-11-29,17:17:38
30.0,13.0,USTHSTUDENTO6,37,89.0,2018-11-29,17:17:38
30.0,13.0,ICTLab 506,35,89.0,2018-11-29,17:17:38
30.0,13.0,USTH HTQT,28,89.0,2018-11-29,17:17:38
30.0,13.0,USTH-PUBLICT6,30,89.0,2018-11-29,17:17:38
30.0,13.0,USTH_WEO,30,89.0,2018-11-29,17:17:38
30.0,13.0,USTH-AP11,24,89.0,2018-11-29,17:17:38
30.0,13.0,USTH_404_5G,28,89.0,2018-11-29,17:17:38
30.0,13.0,124b2,24,89.0,2018-11-29,17:17:38
30.0,13.0,USTH-UIU,28,89.0,2018-11-29,17:17:38
30.0,13.0,TP-LINK_E31588,30,89.0,2018-11-29,17:17:38
30.0,13.0,TP-LINK_8228,22,89.0,2018-11-29,17:17:38
30.0,13.0,datviettv,30,89.0,2018-11-29,17:17:38
30.0,13.0,  小米共享WiFi_9F27,26,89.0,2018-11-29,17:17:38

30.0,13.0,USTH502-Guest2,99,145.0,2018-11-29,17:17:42
30.0,13.0,USTH502-Guest1,99,145.0,2018-11-29,17:17:42
30.0,13.0,USTH-6TH-STAFF,55,145.0,2018-11-29,17:17:42
30.0,13.0,ICTLab Y,52,145.0,2018-11-29,17:17:42
30.0,13.0,ICTLab Y 5GHz,35,145.0,2018-11-29,17:17:42
30.0,13.0,USTH HTQT,37,145.0,2018-11-29,17:17:42
30.0,13.0,USTH-PUBLICT6,39,145.0,2018-11-29,17:17:42
30.0,13.0,USTHSTUDENTO6,37,145.0,2018-11-29,17:17:42
30.0,13.0,ICTLab 506,35,145.0,2018-11-29,17:17:42
30.0,13.0,USTH_WEO,30,145.0,2018-11-29,17:17:42
30.0,13.0,USTH-AP11,30,145.0,2018-11-29,17:17:42
30.0,13.0,USTH_404_5G,28,145.0,2018-11-29,17:17:42
30.0,13.0,124b2,24,145.0,2018-11-29,17:17:42
30.0,13.0,USTH-UIU,28,145.0,2018-11-29,17:17:42
30.0,13.0,TP-LINK_E31588,30,145.0,2018-11-29,17:17:42
30.0,13.0,TP-LINK_8228,22,145.0,2018-11-29,17:17:42
30.0,13.0,datviettv,30,145.0,2018-11-29,17:17:42
30.0,13.0,  小米共享WiFi_9F27,26,145.0,2018-11-29,17:17:42

30.0,13.0,USTH502-Guest2,99,227.0,2018-11-29,17:17:45
30.0,13.0,USTH502-Guest1,99,227.0,2018-11-29,17:17:45
30.0,13.0,USTH-6TH-STAFF,55,227.0,2018-11-29,17:17:45
30.0,13.0,ICTLab Y,52,227.0,2018-11-29,17:17:45
30.0,13.0,ICTLab Y 5GHz,35,227.0,2018-11-29,17:17:45
30.0,13.0,USTH HTQT,37,227.0,2018-11-29,17:17:45
30.0,13.0,USTH-PUBLICT6,39,227.0,2018-11-29,17:17:45
30.0,13.0,USTHSTUDENTO6,37,227.0,2018-11-29,17:17:45
30.0,13.0,ICTLab 506,35,227.0,2018-11-29,17:17:45
30.0,13.0,USTH_WEO,30,227.0,2018-11-29,17:17:45
30.0,13.0,USTH-AP11,30,227.0,2018-11-29,17:17:45
30.0,13.0,USTH_404_5G,28,227.0,2018-11-29,17:17:45
30.0,13.0,124b2,24,227.0,2018-11-29,17:17:45
30.0,13.0,USTH-UIU,28,227.0,2018-11-29,17:17:45
30.0,13.0,TP-LINK_E31588,30,227.0,2018-11-29,17:17:45
30.0,13.0,TP-LINK_8228,22,227.0,2018-11-29,17:17:45
30.0,13.0,datviettv,30,227.0,2018-11-29,17:17:45
30.0,13.0,  小米共享WiFi_9F27,26,227.0,2018-11-29,17:17:45

30.0,13.0,USTH502-Guest2,96,18.0,2018-11-29,17:17:49
30.0,13.0,USTH502-Guest1,88,18.0,2018-11-29,17:17:49
30.0,13.0,USTH-6TH-STAFF,55,18.0,2018-11-29,17:17:49
30.0,13.0,ICTLab Y,52,18.0,2018-11-29,17:17:49
30.0,13.0,ICTLab Y 5GHz,41,18.0,2018-11-29,17:17:49
30.0,13.0,USTHSTUDENTO6,35,18.0,2018-11-29,17:17:49
30.0,13.0,ICTLab 506,35,18.0,2018-11-29,17:17:49
30.0,13.0,USTH HTQT,24,18.0,2018-11-29,17:17:49
30.0,13.0,USTH-PUBLICT6,28,18.0,2018-11-29,17:17:49
30.0,13.0,USTH_WEO,30,18.0,2018-11-29,17:17:49
30.0,13.0,USTH-AP11,30,18.0,2018-11-29,17:17:49
30.0,13.0,124b2,24,18.0,2018-11-29,17:17:49
30.0,13.0,USTH-UIU,28,18.0,2018-11-29,17:17:49
30.0,13.0,TP-LINK_E31588,30,18.0,2018-11-29,17:17:49
30.0,13.0,TP-LINK_8228,22,18.0,2018-11-29,17:17:49
30.0,13.0,datviettv,30,18.0,2018-11-29,17:17:49
30.0,13.0,  小米共享WiFi_9F27,26,18.0,2018-11-29,17:17:49
30.0,13.0,,17,18.0,2018-11-29,17:17:49

30.0,12.0,USTH502-Guest2,99,96.0,2018-11-29,17:17:54
30.0,12.0,USTH502-Guest1,99,96.0,2018-11-29,17:17:54
30.0,12.0,ICTLab Y,48,96.0,2018-11-29,17:17:54
30.0,12.0,USTHSTUDENTO6,50,96.0,2018-11-29,17:17:54
30.0,12.0,USTH-PUBLICT6,33,96.0,2018-11-29,17:17:54
30.0,12.0,USTH_404,37,96.0,2018-11-29,17:17:54
30.0,12.0,ICTLab Y 5GHz,28,96.0,2018-11-29,17:17:54
30.0,12.0,USTH HTQT,26,96.0,2018-11-29,17:17:54
30.0,12.0,USTH-AP11,28,96.0,2018-11-29,17:17:54
30.0,12.0,124b2,24,96.0,2018-11-29,17:17:54
30.0,12.0,TP-LINK_E31588,30,96.0,2018-11-29,17:17:54
30.0,12.0,  小米共享WiFi_9F27,22,96.0,2018-11-29,17:17:54
30.0,12.0,,26,96.0,2018-11-29,17:17:54
30.0,12.0,USTH-Administrator,26,96.0,2018-11-29,17:17:54

30.0,12.0,USTH502-Guest2,99,157.0,2018-11-29,17:17:58
30.0,12.0,USTH502-Guest1,99,157.0,2018-11-29,17:17:58
30.0,12.0,ICTLab Y,48,157.0,2018-11-29,17:17:58
30.0,12.0,USTHSTUDENTO6,50,157.0,2018-11-29,17:17:58
30.0,12.0,USTH-PUBLICT6,33,157.0,2018-11-29,17:17:58
30.0,12.0,USTH_404,37,157.0,2018-11-29,17:17:58
30.0,12.0,ICTLab Y 5GHz,28,157.0,2018-11-29,17:17:58
30.0,12.0,USTH HTQT,26,157.0,2018-11-29,17:17:58
30.0,12.0,USTH-AP11,28,157.0,2018-11-29,17:17:58
30.0,12.0,124b2,24,157.0,2018-11-29,17:17:58
30.0,12.0,TP-LINK_E31588,30,157.0,2018-11-29,17:17:58
30.0,12.0,  小米共享WiFi_9F27,22,157.0,2018-11-29,17:17:58
30.0,12.0,,26,157.0,2018-11-29,17:17:58
30.0,12.0,USTH-Administrator,26,157.0,2018-11-29,17:17:58

30.0,12.0,USTH502-Guest2,99,247.0,2018-11-29,17:18:2
30.0,12.0,USTH502-Guest1,99,247.0,2018-11-29,17:18:2
30.0,12.0,ICTLab Y,48,247.0,2018-11-29,17:18:2
30.0,12.0,USTHSTUDENTO6,50,247.0,2018-11-29,17:18:2
30.0,12.0,USTH-PUBLICT6,33,247.0,2018-11-29,17:18:2
30.0,12.0,USTH_404,37,247.0,2018-11-29,17:18:2
30.0,12.0,ICTLab Y 5GHz,28,247.0,2018-11-29,17:18:2
30.0,12.0,USTH HTQT,26,247.0,2018-11-29,17:18:2
30.0,12.0,USTH-AP11,28,247.0,2018-11-29,17:18:2
30.0,12.0,124b2,24,247.0,2018-11-29,17:18:2
30.0,12.0,TP-LINK_E31588,30,247.0,2018-11-29,17:18:2
30.0,12.0,  小米共享WiFi_9F27,22,247.0,2018-11-29,17:18:2
30.0,12.0,,26,247.0,2018-11-29,17:18:2
30.0,12.0,USTH-Administrator,26,247.0,2018-11-29,17:18:2

30.0,12.0,USTH502-Guest2,99,16.0,2018-11-29,17:18:6
30.0,12.0,USTH502-Guest1,94,16.0,2018-11-29,17:18:6
30.0,12.0,ICTLab Y,48,16.0,2018-11-29,17:18:6
30.0,12.0,USTHSTUDENTO6,52,16.0,2018-11-29,17:18:6
30.0,12.0,USTH HTQT,35,16.0,2018-11-29,17:18:6
30.0,12.0,USTH-PUBLICT6,33,16.0,2018-11-29,17:18:6
30.0,12.0,USTH_404,37,16.0,2018-11-29,17:18:6
30.0,12.0,ICTLab Y 5GHz,28,16.0,2018-11-29,17:18:6
30.0,12.0,USTH-AP11,28,16.0,2018-11-29,17:18:6
30.0,12.0,124b2,24,16.0,2018-11-29,17:18:6
30.0,12.0,TP-LINK_E31588,30,16.0,2018-11-29,17:18:6
30.0,12.0,  小米共享WiFi_9F27,22,16.0,2018-11-29,17:18:6
30.0,12.0,,26,16.0,2018-11-29,17:18:6
30.0,12.0,USTH-Administrator,26,16.0,2018-11-29,17:18:6
30.0,12.0,ICTLab 506,19,16.0,2018-11-29,17:18:6

30.0,11.0,USTH502-Guest2,99,91.0,2018-11-29,17:18:13
30.0,11.0,USTH502-Guest1,77,91.0,2018-11-29,17:18:13
30.0,11.0,ICTLab Y,48,91.0,2018-11-29,17:18:13
30.0,11.0,USTHSTUDENTO6,46,91.0,2018-11-29,17:18:13
30.0,11.0,USTH-6TH-STAFF,46,91.0,2018-11-29,17:18:13
30.0,11.0,,33,91.0,2018-11-29,17:18:13
30.0,11.0,USTH_404,35,91.0,2018-11-29,17:18:13
30.0,11.0,ICTLab Y 5GHz,28,91.0,2018-11-29,17:18:13
30.0,11.0,USTH HTQT,26,91.0,2018-11-29,17:18:13
30.0,11.0,USTH-PUBLICT6,22,91.0,2018-11-29,17:18:13
30.0,11.0,  小米共享WiFi_9F27,22,91.0,2018-11-29,17:18:13
30.0,11.0,USTH-Administrator,26,91.0,2018-11-29,17:18:13
30.0,11.0,ICTLab 506,26,91.0,2018-11-29,17:18:13
30.0,11.0,USTH_404_5G,26,91.0,2018-11-29,17:18:13
30.0,11.0,USTH-AP11,15,91.0,2018-11-29,17:18:13
30.0,11.0,USTH_WEO,19,91.0,2018-11-29,17:18:13
30.0,11.0,PVTUD_304,19,91.0,2018-11-29,17:18:13
30.0,11.0,TIT HAM,17,91.0,2018-11-29,17:18:13
30.0,11.0,USTH-UIU,13,91.0,2018-11-29,17:18:13

30.0,11.0,USTH502-Guest1,99,155.0,2018-11-29,17:18:16
30.0,11.0,USTH502-Guest2,96,155.0,2018-11-29,17:18:16
30.0,11.0,USTH HTQT,44,155.0,2018-11-29,17:18:16
30.0,11.0,ICTLab Y,48,155.0,2018-11-29,17:18:16
30.0,11.0,USTHSTUDENTO6,46,155.0,2018-11-29,17:18:16
30.0,11.0,USTH-6TH-STAFF,46,155.0,2018-11-29,17:18:16
30.0,11.0,USTH-PUBLICT6,41,155.0,2018-11-29,17:18:16
30.0,11.0,,33,155.0,2018-11-29,17:18:16
30.0,11.0,USTH_404,35,155.0,2018-11-29,17:18:16
30.0,11.0,PVTUD_304,37,155.0,2018-11-29,17:18:16
30.0,11.0,ICTLab Y 5GHz,28,155.0,2018-11-29,17:18:16
30.0,11.0,USTH-AP11,28,155.0,2018-11-29,17:18:16
30.0,11.0,  小米共享WiFi_9F27,22,155.0,2018-11-29,17:18:16
30.0,11.0,USTH-Administrator,26,155.0,2018-11-29,17:18:16
30.0,11.0,ICTLab 506,26,155.0,2018-11-29,17:18:16
30.0,11.0,USTH_404_5G,26,155.0,2018-11-29,17:18:16
30.0,11.0,USTH_WEO,19,155.0,2018-11-29,17:18:16
30.0,11.0,TIT HAM,17,155.0,2018-11-29,17:18:16
30.0,11.0,USTH-UIU,13,155.0,2018-11-29,17:18:16

30.0,11.0,USTH502-Guest2,88,241.0,2018-11-29,17:18:20
30.0,11.0,USTH502-Guest1,88,241.0,2018-11-29,17:18:20
30.0,11.0,USTH HTQT,44,241.0,2018-11-29,17:18:20
30.0,11.0,ICTLab Y,48,241.0,2018-11-29,17:18:20
30.0,11.0,USTH-6TH-STAFF,52,241.0,2018-11-29,17:18:20
30.0,11.0,USTHSTUDENTO6,39,241.0,2018-11-29,17:18:20
30.0,11.0,PVTUD_304,37,241.0,2018-11-29,17:18:20
30.0,11.0,ICTLab Y 5GHz,28,241.0,2018-11-29,17:18:20
30.0,11.0,USTH-PUBLICT6,28,241.0,2018-11-29,17:18:20
30.0,11.0,USTH-AP11,28,241.0,2018-11-29,17:18:20
30.0,11.0,,24,241.0,2018-11-29,17:18:20
30.0,11.0,USTH_404,22,241.0,2018-11-29,17:18:20
30.0,11.0,ICTLab 506,22,241.0,2018-11-29,17:18:20
30.0,11.0,USTH_404_5G,26,241.0,2018-11-29,17:18:20
30.0,11.0,USTH_WEO,19,241.0,2018-11-29,17:18:20
30.0,11.0,TIT HAM,17,241.0,2018-11-29,17:18:20
30.0,11.0,USTH-UIU,13,241.0,2018-11-29,17:18:20

30.0,11.0,USTH502-Guest2,88,5.0,2018-11-29,17:18:23
30.0,11.0,USTH502-Guest1,88,5.0,2018-11-29,17:18:23
30.0,11.0,USTH HTQT,44,5.0,2018-11-29,17:18:23
30.0,11.0,ICTLab Y,48,5.0,2018-11-29,17:18:23
30.0,11.0,USTH-6TH-STAFF,52,5.0,2018-11-29,17:18:23
30.0,11.0,USTHSTUDENTO6,39,5.0,2018-11-29,17:18:23
30.0,11.0,PVTUD_304,37,5.0,2018-11-29,17:18:23
30.0,11.0,ICTLab Y 5GHz,28,5.0,2018-11-29,17:18:23
30.0,11.0,USTH-PUBLICT6,28,5.0,2018-11-29,17:18:23
30.0,11.0,USTH-AP11,28,5.0,2018-11-29,17:18:23
30.0,11.0,,24,5.0,2018-11-29,17:18:23
30.0,11.0,USTH_404,22,5.0,2018-11-29,17:18:23
30.0,11.0,ICTLab 506,22,5.0,2018-11-29,17:18:23
30.0,11.0,USTH_404_5G,26,5.0,2018-11-29,17:18:23
30.0,11.0,USTH_WEO,19,5.0,2018-11-29,17:18:23
30.0,11.0,TIT HAM,17,5.0,2018-11-29,17:18:23
30.0,11.0,USTH-UIU,13,5.0,2018-11-29,17:18:23

30.0,10.0,USTH502-Guest2,99,96.0,2018-11-29,17:18:31
30.0,10.0,USTH502-Guest1,81,96.0,2018-11-29,17:18:31
30.0,10.0,ICTLab Y,48,96.0,2018-11-29,17:18:31
30.0,10.0,USTH-6TH-STAFF,52,96.0,2018-11-29,17:18:31
30.0,10.0,USTH HTQT,35,96.0,2018-11-29,17:18:31
30.0,10.0,USTH-PUBLICT6,33,96.0,2018-11-29,17:18:31
30.0,10.0,USTHSTUDENTO6,39,96.0,2018-11-29,17:18:31
30.0,10.0,PVTUD_304,37,96.0,2018-11-29,17:18:31
30.0,10.0,ICTLab Y 5GHz,28,96.0,2018-11-29,17:18:31
30.0,10.0,USTH-AP11,24,96.0,2018-11-29,17:18:31
30.0,10.0,,24,96.0,2018-11-29,17:18:31
30.0,10.0,USTH_404,22,96.0,2018-11-29,17:18:31
30.0,10.0,ICTLab 506,22,96.0,2018-11-29,17:18:31
30.0,10.0,USTH_404_5G,26,96.0,2018-11-29,17:18:31
30.0,10.0,USTH_WEO,19,96.0,2018-11-29,17:18:31
30.0,10.0,TIT HAM,17,96.0,2018-11-29,17:18:31
30.0,10.0,USTH-UIU,13,96.0,2018-11-29,17:18:31

30.0,10.0,USTH502-Guest2,99,156.0,2018-11-29,17:18:34
30.0,10.0,USTH502-Guest1,81,156.0,2018-11-29,17:18:34
30.0,10.0,ICTLab Y,48,156.0,2018-11-29,17:18:34
30.0,10.0,USTH-6TH-STAFF,52,156.0,2018-11-29,17:18:34
30.0,10.0,USTH HTQT,35,156.0,2018-11-29,17:18:34
30.0,10.0,USTH-PUBLICT6,33,156.0,2018-11-29,17:18:34
30.0,10.0,USTHSTUDENTO6,39,156.0,2018-11-29,17:18:34
30.0,10.0,PVTUD_304,37,156.0,2018-11-29,17:18:34
30.0,10.0,ICTLab Y 5GHz,28,156.0,2018-11-29,17:18:34
30.0,10.0,USTH-AP11,24,156.0,2018-11-29,17:18:34
30.0,10.0,,24,156.0,2018-11-29,17:18:34
30.0,10.0,USTH_404,22,156.0,2018-11-29,17:18:34
30.0,10.0,ICTLab 506,22,156.0,2018-11-29,17:18:34
30.0,10.0,USTH_404_5G,26,156.0,2018-11-29,17:18:34
30.0,10.0,USTH_WEO,19,156.0,2018-11-29,17:18:34
30.0,10.0,TIT HAM,17,156.0,2018-11-29,17:18:34
30.0,10.0,USTH-UIU,13,156.0,2018-11-29,17:18:34

30.0,10.0,USTH502-Guest2,88,238.0,2018-11-29,17:18:37
30.0,10.0,USTH502-Guest1,90,238.0,2018-11-29,17:18:37
30.0,10.0,ICTLab Y,48,238.0,2018-11-29,17:18:37
30.0,10.0,USTHSTUDENTO6,50,238.0,2018-11-29,17:18:37
30.0,10.0,USTH HTQT,37,238.0,2018-11-29,17:18:37
30.0,10.0,USTH-PUBLICT6,33,238.0,2018-11-29,17:18:37
30.0,10.0,PVTUD_304,37,238.0,2018-11-29,17:18:37
30.0,10.0,USTH-6TH-STAFF,41,238.0,2018-11-29,17:18:37
30.0,10.0,129,39,238.0,2018-11-29,17:18:37
30.0,10.0,Trung tam CNVLMT,33,238.0,2018-11-29,17:18:37
30.0,10.0,ICTLab Y 5GHz,28,238.0,2018-11-29,17:18:37
30.0,10.0,USTH-AP11,24,238.0,2018-11-29,17:18:37
30.0,10.0,,24,238.0,2018-11-29,17:18:37
30.0,10.0,USTH_404,22,238.0,2018-11-29,17:18:37
30.0,10.0,ICTLab 506,22,238.0,2018-11-29,17:18:37
30.0,10.0,USTH_404_5G,26,238.0,2018-11-29,17:18:37
30.0,10.0,USTH-UIU,26,238.0,2018-11-29,17:18:37
30.0,10.0,lanhuong0108,19,238.0,2018-11-29,17:18:37
30.0,10.0,THHC_Quang,19,238.0,2018-11-29,17:18:37

30.0,10.0,USTH502-Guest2,92,5.0,2018-11-29,17:18:40
30.0,10.0,USTH502-Guest1,77,5.0,2018-11-29,17:18:40
30.0,10.0,ICTLab Y,48,5.0,2018-11-29,17:18:40
30.0,10.0,USTHSTUDENTO6,50,5.0,2018-11-29,17:18:40
30.0,10.0,USTH HTQT,37,5.0,2018-11-29,17:18:40
30.0,10.0,USTH-PUBLICT6,33,5.0,2018-11-29,17:18:40
30.0,10.0,PVTUD_304,37,5.0,2018-11-29,17:18:40
30.0,10.0,USTH-6TH-STAFF,41,5.0,2018-11-29,17:18:40
30.0,10.0,129,39,5.0,2018-11-29,17:18:40
30.0,10.0,Trung tam CNVLMT,33,5.0,2018-11-29,17:18:40
30.0,10.0,ICTLab Y 5GHz,28,5.0,2018-11-29,17:18:40
30.0,10.0,USTH-AP11,26,5.0,2018-11-29,17:18:40
30.0,10.0,,24,5.0,2018-11-29,17:18:40
30.0,10.0,USTH_404,22,5.0,2018-11-29,17:18:40
30.0,10.0,ICTLab 506,22,5.0,2018-11-29,17:18:40
30.0,10.0,USTH_404_5G,26,5.0,2018-11-29,17:18:40
30.0,10.0,USTH-UIU,26,5.0,2018-11-29,17:18:40
30.0,10.0,lanhuong0108,19,5.0,2018-11-29,17:18:40
30.0,10.0,THHC_Quang,19,5.0,2018-11-29,17:18:40

30.0,9.0,USTH502-Guest2,99,97.0,2018-11-29,17:18:45
30.0,9.0,USTH502-Guest1,85,97.0,2018-11-29,17:18:45
30.0,9.0,USTH-PUBLICT6,33,97.0,2018-11-29,17:18:45
30.0,9.0,USTHSTUDENTO6,37,97.0,2018-11-29,17:18:45
30.0,9.0,129,39,97.0,2018-11-29,17:18:45
30.0,9.0,Trung tam CNVLMT,33,97.0,2018-11-29,17:18:45
30.0,9.0,ICTLab Y 5GHz,28,97.0,2018-11-29,17:18:45
30.0,9.0,USTH HTQT,30,97.0,2018-11-29,17:18:45
30.0,9.0,USTH-AP11,26,97.0,2018-11-29,17:18:45
30.0,9.0,,26,97.0,2018-11-29,17:18:45
30.0,9.0,USTH_404,26,97.0,2018-11-29,17:18:45
30.0,9.0,USTH-6TH-STAFF,24,97.0,2018-11-29,17:18:45
30.0,9.0,USTH_404_5G,26,97.0,2018-11-29,17:18:45
30.0,9.0,USTH-UIU,26,97.0,2018-11-29,17:18:45
30.0,9.0,  小米共享WiFi_9F27,22,97.0,2018-11-29,17:18:45
30.0,9.0,ICTLab 506,15,97.0,2018-11-29,17:18:45
30.0,9.0,lanhuong0108,19,97.0,2018-11-29,17:18:45
30.0,9.0,THHC_Quang,19,97.0,2018-11-29,17:18:45

30.0,9.0,USTH502-Guest2,99,151.0,2018-11-29,17:18:49
30.0,9.0,USTH502-Guest1,94,151.0,2018-11-29,17:18:49
30.0,9.0,USTHSTUDENTO6,55,151.0,2018-11-29,17:18:49
30.0,9.0,USTH-6TH-STAFF,55,151.0,2018-11-29,17:18:49
30.0,9.0,ICTLab Y,57,151.0,2018-11-29,17:18:49
30.0,9.0,USTH HTQT,44,151.0,2018-11-29,17:18:49
30.0,9.0,USTH-PUBLICT6,37,151.0,2018-11-29,17:18:49
30.0,9.0,ICTLab 506,35,151.0,2018-11-29,17:18:49
30.0,9.0,Trung tam CNVLMT,33,151.0,2018-11-29,17:18:49
30.0,9.0,datviettv,37,151.0,2018-11-29,17:18:49
30.0,9.0,USTH-AP11,26,151.0,2018-11-29,17:18:49
30.0,9.0,,26,151.0,2018-11-29,17:18:49
30.0,9.0,USTH_404,26,151.0,2018-11-29,17:18:49
30.0,9.0,USTH_404_5G,26,151.0,2018-11-29,17:18:49
30.0,9.0,129,22,151.0,2018-11-29,17:18:49
30.0,9.0,USTH-UIU,28,151.0,2018-11-29,17:18:49
30.0,9.0,  小米共享WiFi_9F27,30,151.0,2018-11-29,17:18:49
30.0,9.0,TP-LINK_E31588,28,151.0,2018-11-29,17:18:49
30.0,9.0,TP-Link_6300,30,151.0,2018-11-29,17:18:49
30.0,9.0,TP-LINK_8228,28,151.0,2018-11-29,17:18:49
30.0,9.0,USTH-NANO,24,151.0,2018-11-29,17:18:49
30.0,9.0,124b2,30,151.0,2018-11-29,17:18:49
30.0,9.0,lanhuong0108,19,151.0,2018-11-29,17:18:49
30.0,9.0,THHC_Quang,19,151.0,2018-11-29,17:18:49
30.0,9.0,USTH-Admin,19,151.0,2018-11-29,17:18:49
30.0,9.0,TruongSon,19,151.0,2018-11-29,17:18:49
30.0,9.0,USTH_WEO,19,151.0,2018-11-29,17:18:49
30.0,9.0,USTH-STAFF,17,151.0,2018-11-29,17:18:49
30.0,9.0,TP-LINK_686E,17,151.0,2018-11-29,17:18:49
30.0,9.0,Vien VKHVL,15,151.0,2018-11-29,17:18:49
30.0,9.0,Hoang Lam,17,151.0,2018-11-29,17:18:49

30.0,9.0,USTH502-Guest2,99,231.0,2018-11-29,17:18:52
30.0,9.0,USTH502-Guest1,94,231.0,2018-11-29,17:18:52
30.0,9.0,USTHSTUDENTO6,55,231.0,2018-11-29,17:18:52
30.0,9.0,USTH-6TH-STAFF,55,231.0,2018-11-29,17:18:52
30.0,9.0,ICTLab Y,57,231.0,2018-11-29,17:18:52
30.0,9.0,USTH HTQT,44,231.0,2018-11-29,17:18:52
30.0,9.0,USTH-PUBLICT6,37,231.0,2018-11-29,17:18:52
30.0,9.0,ICTLab 506,35,231.0,2018-11-29,17:18:52
30.0,9.0,Trung tam CNVLMT,33,231.0,2018-11-29,17:18:52
30.0,9.0,datviettv,37,231.0,2018-11-29,17:18:52
30.0,9.0,USTH-AP11,26,231.0,2018-11-29,17:18:52
30.0,9.0,,26,231.0,2018-11-29,17:18:52
30.0,9.0,USTH_404,26,231.0,2018-11-29,17:18:52
30.0,9.0,USTH_404_5G,26,231.0,2018-11-29,17:18:52
30.0,9.0,129,22,231.0,2018-11-29,17:18:52
30.0,9.0,USTH-UIU,28,231.0,2018-11-29,17:18:52
30.0,9.0,  小米共享WiFi_9F27,30,231.0,2018-11-29,17:18:52
30.0,9.0,TP-LINK_E31588,28,231.0,2018-11-29,17:18:52
30.0,9.0,TP-Link_6300,30,231.0,2018-11-29,17:18:52
30.0,9.0,TP-LINK_8228,28,231.0,2018-11-29,17:18:52
30.0,9.0,USTH-NANO,24,231.0,2018-11-29,17:18:52
30.0,9.0,124b2,30,231.0,2018-11-29,17:18:52
30.0,9.0,lanhuong0108,19,231.0,2018-11-29,17:18:52
30.0,9.0,THHC_Quang,19,231.0,2018-11-29,17:18:52
30.0,9.0,USTH-Admin,19,231.0,2018-11-29,17:18:52
30.0,9.0,TruongSon,19,231.0,2018-11-29,17:18:52
30.0,9.0,USTH_WEO,19,231.0,2018-11-29,17:18:52
30.0,9.0,USTH-STAFF,17,231.0,2018-11-29,17:18:52
30.0,9.0,TP-LINK_686E,17,231.0,2018-11-29,17:18:52
30.0,9.0,Vien VKHVL,15,231.0,2018-11-29,17:18:52
30.0,9.0,Hoang Lam,17,231.0,2018-11-29,17:18:52

30.0,9.0,USTH502-Guest2,99,11.0,2018-11-29,17:18:55
30.0,9.0,USTH502-Guest1,94,11.0,2018-11-29,17:18:55
30.0,9.0,USTHSTUDENTO6,55,11.0,2018-11-29,17:18:55
30.0,9.0,USTH HTQT,44,11.0,2018-11-29,17:18:55
30.0,9.0,ICTLab Y,48,11.0,2018-11-29,17:18:55
30.0,9.0,USTH-PUBLICT6,37,11.0,2018-11-29,17:18:55
30.0,9.0,ICTLab 506,35,11.0,2018-11-29,17:18:55
30.0,9.0,datviettv,37,11.0,2018-11-29,17:18:55
30.0,9.0,,26,11.0,2018-11-29,17:18:55
30.0,9.0,USTH-6TH-STAFF,30,11.0,2018-11-29,17:18:55
30.0,9.0,USTH_404_5G,26,11.0,2018-11-29,17:18:55
30.0,9.0,129,22,11.0,2018-11-29,17:18:55
30.0,9.0,USTH-UIU,28,11.0,2018-11-29,17:18:55
30.0,9.0,  小米共享WiFi_9F27,30,11.0,2018-11-29,17:18:55
30.0,9.0,TP-Link_6300,30,11.0,2018-11-29,17:18:55
30.0,9.0,TP-LINK_8228,28,11.0,2018-11-29,17:18:55
30.0,9.0,USTH-NANO,24,11.0,2018-11-29,17:18:55
30.0,9.0,USTH-AP11,15,11.0,2018-11-29,17:18:55
30.0,9.0,USTH_404,19,11.0,2018-11-29,17:18:55
30.0,9.0,TP-LINK_E31588,19,11.0,2018-11-29,17:18:55
30.0,9.0,USTH-Admin,19,11.0,2018-11-29,17:18:55
30.0,9.0,TruongSon,19,11.0,2018-11-29,17:18:55
30.0,9.0,USTH_WEO,19,11.0,2018-11-29,17:18:55
30.0,9.0,USTH-STAFF,17,11.0,2018-11-29,17:18:55
30.0,9.0,TP-LINK_686E,15,11.0,2018-11-29,17:18:55
30.0,9.0,Vien VKHVL,15,11.0,2018-11-29,17:18:55
30.0,9.0,124b2,19,11.0,2018-11-29,17:18:55
30.0,9.0,Hoang Lam,17,11.0,2018-11-29,17:18:55

31.0,9.0,USTH502-Guest2,99,86.0,2018-11-29,17:19:7
31.0,9.0,USTH502-Guest1,99,86.0,2018-11-29,17:19:7
31.0,9.0,ICTLab Y,55,86.0,2018-11-29,17:19:7
31.0,9.0,USTH HTQT,44,86.0,2018-11-29,17:19:7
31.0,9.0,USTHSTUDENTO6,52,86.0,2018-11-29,17:19:7
31.0,9.0,Trung tam CNVLMT,44,86.0,2018-11-29,17:19:7
31.0,9.0,USTH-AP11,35,86.0,2018-11-29,17:19:7
31.0,9.0,,33,86.0,2018-11-29,17:19:7
31.0,9.0,ICTLab 506,35,86.0,2018-11-29,17:19:7
31.0,9.0,datviettv,37,86.0,2018-11-29,17:19:7
31.0,9.0,USTH_WEO,35,86.0,2018-11-29,17:19:7
31.0,9.0,ICTLab Y 5GHz,39,86.0,2018-11-29,17:19:7
31.0,9.0,USTH-PUBLICT6,30,86.0,2018-11-29,17:19:7
31.0,9.0,USTH-6TH-STAFF,30,86.0,2018-11-29,17:19:7
31.0,9.0,129,22,86.0,2018-11-29,17:19:7
31.0,9.0,USTH-UIU,28,86.0,2018-11-29,17:19:7
31.0,9.0,  小米共享WiFi_9F27,30,86.0,2018-11-29,17:19:7
31.0,9.0,TP-Link_6300,30,86.0,2018-11-29,17:19:7
31.0,9.0,TP-LINK_8228,28,86.0,2018-11-29,17:19:7
31.0,9.0,USTH-NANO,24,86.0,2018-11-29,17:19:7
31.0,9.0,USTH_404,19,86.0,2018-11-29,17:19:7
31.0,9.0,TP-LINK_E31588,19,86.0,2018-11-29,17:19:7
31.0,9.0,USTH-Admin,19,86.0,2018-11-29,17:19:7
31.0,9.0,TruongSon,19,86.0,2018-11-29,17:19:7
31.0,9.0,USTH-STAFF,17,86.0,2018-11-29,17:19:7
31.0,9.0,TP-LINK_686E,15,86.0,2018-11-29,17:19:7
31.0,9.0,Vien VKHVL,15,86.0,2018-11-29,17:19:7
31.0,9.0,124b2,19,86.0,2018-11-29,17:19:7
31.0,9.0,Hoang Lam,17,86.0,2018-11-29,17:19:7

31.0,9.0,USTH502-Guest2,99,158.0,2018-11-29,17:19:9
31.0,9.0,USTH502-Guest1,99,158.0,2018-11-29,17:19:9
31.0,9.0,ICTLab Y,55,158.0,2018-11-29,17:19:9
31.0,9.0,USTH-PUBLICT6,37,158.0,2018-11-29,17:19:9
31.0,9.0,USTHSTUDENTO6,39,158.0,2018-11-29,17:19:9
31.0,9.0,USTH-AP11,39,158.0,2018-11-29,17:19:9
31.0,9.0,,33,158.0,2018-11-29,17:19:9
31.0,9.0,ICTLab 506,35,158.0,2018-11-29,17:19:9
31.0,9.0,datviettv,37,158.0,2018-11-29,17:19:9
31.0,9.0,USTH_WEO,41,158.0,2018-11-29,17:19:9
31.0,9.0,124b2,37,158.0,2018-11-29,17:19:9
31.0,9.0,ICTLab Y 5GHz,39,158.0,2018-11-29,17:19:9
31.0,9.0,Trung tam CNVLMT,33,158.0,2018-11-29,17:19:9
31.0,9.0,USTH HTQT,30,158.0,2018-11-29,17:19:9
31.0,9.0,USTH-6TH-STAFF,30,158.0,2018-11-29,17:19:9
31.0,9.0,129,22,158.0,2018-11-29,17:19:9
31.0,9.0,USTH-UIU,28,158.0,2018-11-29,17:19:9
31.0,9.0,  小米共享WiFi_9F27,30,158.0,2018-11-29,17:19:9
31.0,9.0,TP-Link_6300,30,158.0,2018-11-29,17:19:9
31.0,9.0,TP-LINK_8228,28,158.0,2018-11-29,17:19:9
31.0,9.0,USTH-NANO,24,158.0,2018-11-29,17:19:9
31.0,9.0,USTH_404,19,158.0,2018-11-29,17:19:9
31.0,9.0,TP-LINK_E31588,19,158.0,2018-11-29,17:19:9
31.0,9.0,USTH-Admin,19,158.0,2018-11-29,17:19:9
31.0,9.0,TruongSon,19,158.0,2018-11-29,17:19:9
31.0,9.0,USTH-STAFF,17,158.0,2018-11-29,17:19:9
31.0,9.0,TP-LINK_686E,15,158.0,2018-11-29,17:19:9
31.0,9.0,Vien VKHVL,15,158.0,2018-11-29,17:19:9
31.0,9.0,Hoang Lam,17,158.0,2018-11-29,17:19:9
31.0,9.0,USTH_404_5G,15,158.0,2018-11-29,17:19:9
31.0,9.0,USTH-PMAB,13,158.0,2018-11-29,17:19:9

31.0,9.0,USTH502-Guest2,99,231.0,2018-11-29,17:19:13
31.0,9.0,USTH502-Guest1,99,231.0,2018-11-29,17:19:13
31.0,9.0,ICTLab Y,55,231.0,2018-11-29,17:19:13
31.0,9.0,USTH-PUBLICT6,37,231.0,2018-11-29,17:19:13
31.0,9.0,USTHSTUDENTO6,39,231.0,2018-11-29,17:19:13
31.0,9.0,USTH-AP11,39,231.0,2018-11-29,17:19:13
31.0,9.0,,33,231.0,2018-11-29,17:19:13
31.0,9.0,ICTLab 506,35,231.0,2018-11-29,17:19:13
31.0,9.0,datviettv,37,231.0,2018-11-29,17:19:13
31.0,9.0,USTH_WEO,41,231.0,2018-11-29,17:19:13
31.0,9.0,124b2,37,231.0,2018-11-29,17:19:13
31.0,9.0,ICTLab Y 5GHz,39,231.0,2018-11-29,17:19:13
31.0,9.0,Trung tam CNVLMT,33,231.0,2018-11-29,17:19:13
31.0,9.0,USTH HTQT,30,231.0,2018-11-29,17:19:13
31.0,9.0,USTH-6TH-STAFF,30,231.0,2018-11-29,17:19:13
31.0,9.0,129,22,231.0,2018-11-29,17:19:13
31.0,9.0,USTH-UIU,28,231.0,2018-11-29,17:19:13
31.0,9.0,  小米共享WiFi_9F27,30,231.0,2018-11-29,17:19:13
31.0,9.0,TP-Link_6300,30,231.0,2018-11-29,17:19:13
31.0,9.0,TP-LINK_8228,28,231.0,2018-11-29,17:19:13
31.0,9.0,USTH-NANO,24,231.0,2018-11-29,17:19:13
31.0,9.0,USTH_404,19,231.0,2018-11-29,17:19:13
31.0,9.0,TP-LINK_E31588,19,231.0,2018-11-29,17:19:13
31.0,9.0,USTH-Admin,19,231.0,2018-11-29,17:19:13
31.0,9.0,TruongSon,19,231.0,2018-11-29,17:19:13
31.0,9.0,USTH-STAFF,17,231.0,2018-11-29,17:19:13
31.0,9.0,TP-LINK_686E,15,231.0,2018-11-29,17:19:13
31.0,9.0,Vien VKHVL,15,231.0,2018-11-29,17:19:13
31.0,9.0,Hoang Lam,17,231.0,2018-11-29,17:19:13
31.0,9.0,USTH_404_5G,15,231.0,2018-11-29,17:19:13
31.0,9.0,USTH-PMAB,13,231.0,2018-11-29,17:19:13

31.0,9.0,USTH502-Guest2,99,344.0,2018-11-29,17:19:15
31.0,9.0,USTH502-Guest1,99,344.0,2018-11-29,17:19:15
31.0,9.0,ICTLab Y,55,344.0,2018-11-29,17:19:15
31.0,9.0,USTH-PUBLICT6,37,344.0,2018-11-29,17:19:15
31.0,9.0,USTHSTUDENTO6,39,344.0,2018-11-29,17:19:15
31.0,9.0,USTH-AP11,39,344.0,2018-11-29,17:19:15
31.0,9.0,,33,344.0,2018-11-29,17:19:15
31.0,9.0,ICTLab 506,35,344.0,2018-11-29,17:19:15
31.0,9.0,datviettv,37,344.0,2018-11-29,17:19:15
31.0,9.0,USTH_WEO,41,344.0,2018-11-29,17:19:15
31.0,9.0,124b2,37,344.0,2018-11-29,17:19:15
31.0,9.0,ICTLab Y 5GHz,39,344.0,2018-11-29,17:19:15
31.0,9.0,Trung tam CNVLMT,33,344.0,2018-11-29,17:19:15
31.0,9.0,USTH HTQT,30,344.0,2018-11-29,17:19:15
31.0,9.0,USTH-6TH-STAFF,30,344.0,2018-11-29,17:19:15
31.0,9.0,129,22,344.0,2018-11-29,17:19:15
31.0,9.0,USTH-UIU,28,344.0,2018-11-29,17:19:15
31.0,9.0,  小米共享WiFi_9F27,30,344.0,2018-11-29,17:19:15
31.0,9.0,TP-Link_6300,30,344.0,2018-11-29,17:19:15
31.0,9.0,TP-LINK_8228,28,344.0,2018-11-29,17:19:15
31.0,9.0,USTH-NANO,24,344.0,2018-11-29,17:19:15
31.0,9.0,USTH_404,19,344.0,2018-11-29,17:19:15
31.0,9.0,TP-LINK_E31588,19,344.0,2018-11-29,17:19:15
31.0,9.0,USTH-Admin,19,344.0,2018-11-29,17:19:15
31.0,9.0,TruongSon,19,344.0,2018-11-29,17:19:15
31.0,9.0,USTH-STAFF,17,344.0,2018-11-29,17:19:15
31.0,9.0,TP-LINK_686E,15,344.0,2018-11-29,17:19:15
31.0,9.0,Vien VKHVL,15,344.0,2018-11-29,17:19:15
31.0,9.0,Hoang Lam,17,344.0,2018-11-29,17:19:15
31.0,9.0,USTH_404_5G,15,344.0,2018-11-29,17:19:15
31.0,9.0,USTH-PMAB,13,344.0,2018-11-29,17:19:15

31.0,10.0,USTH502-Guest2,99,83.0,2018-11-29,17:19:21
31.0,10.0,USTH502-Guest1,96,83.0,2018-11-29,17:19:21
31.0,10.0,ICTLab Y,52,83.0,2018-11-29,17:19:21
31.0,10.0,124b2,52,83.0,2018-11-29,17:19:21
31.0,10.0,USTH HTQT,39,83.0,2018-11-29,17:19:21
31.0,10.0,USTH-PUBLICT6,37,83.0,2018-11-29,17:19:21
31.0,10.0,USTHSTUDENTO6,39,83.0,2018-11-29,17:19:21
31.0,10.0,USTH-AP11,39,83.0,2018-11-29,17:19:21
31.0,10.0,,33,83.0,2018-11-29,17:19:21
31.0,10.0,ICTLab 506,33,83.0,2018-11-29,17:19:21
31.0,10.0,ICTLab Y 5GHz,33,83.0,2018-11-29,17:19:21
31.0,10.0,Trung tam CNVLMT,33,83.0,2018-11-29,17:19:21
31.0,10.0,USTH-6TH-STAFF,30,83.0,2018-11-29,17:19:21
31.0,10.0,USTH_WEO,30,83.0,2018-11-29,17:19:21
31.0,10.0,VLKLTT,22,83.0,2018-11-29,17:19:21
31.0,10.0,USTH_404,19,83.0,2018-11-29,17:19:21
31.0,10.0,TP-LINK_E31588,19,83.0,2018-11-29,17:19:21
31.0,10.0,TP-LINK_686E,15,83.0,2018-11-29,17:19:21
31.0,10.0,USTH_404_5G,15,83.0,2018-11-29,17:19:21
31.0,10.0,USTH-PMAB,13,83.0,2018-11-29,17:19:21

31.0,10.0,USTH502-Guest2,99,156.0,2018-11-29,17:19:24
31.0,10.0,USTH502-Guest1,90,156.0,2018-11-29,17:19:24
31.0,10.0,USTH-6TH-STAFF,70,156.0,2018-11-29,17:19:24
31.0,10.0,ICTLab Y,55,156.0,2018-11-29,17:19:24
31.0,10.0,USTH-PUBLICT6,46,156.0,2018-11-29,17:19:24
31.0,10.0,USTH HTQT,39,156.0,2018-11-29,17:19:24
31.0,10.0,USTHSTUDENTO6,39,156.0,2018-11-29,17:19:24
31.0,10.0,,33,156.0,2018-11-29,17:19:24
31.0,10.0,ICTLab 506,33,156.0,2018-11-29,17:19:24
31.0,10.0,124b2,35,156.0,2018-11-29,17:19:24
31.0,10.0,ICTLab Y 5GHz,33,156.0,2018-11-29,17:19:24
31.0,10.0,Trung tam CNVLMT,33,156.0,2018-11-29,17:19:24
31.0,10.0,USTH_404_5G,33,156.0,2018-11-29,17:19:24
31.0,10.0,USTH-AP11,30,156.0,2018-11-29,17:19:24
31.0,10.0,USTH_WEO,30,156.0,2018-11-29,17:19:24
31.0,10.0,VLKLTT,22,156.0,2018-11-29,17:19:24
31.0,10.0,USTH_404,19,156.0,2018-11-29,17:19:24
31.0,10.0,TP-LINK_E31588,19,156.0,2018-11-29,17:19:24
31.0,10.0,TP-LINK_686E,15,156.0,2018-11-29,17:19:24
31.0,10.0,USTH-PMAB,13,156.0,2018-11-29,17:19:24

31.0,10.0,USTH502-Guest2,99,224.0,2018-11-29,17:19:27
31.0,10.0,USTH502-Guest1,90,224.0,2018-11-29,17:19:27
31.0,10.0,USTH-6TH-STAFF,70,224.0,2018-11-29,17:19:27
31.0,10.0,ICTLab Y,55,224.0,2018-11-29,17:19:27
31.0,10.0,USTH-PUBLICT6,46,224.0,2018-11-29,17:19:27
31.0,10.0,USTH HTQT,39,224.0,2018-11-29,17:19:27
31.0,10.0,USTHSTUDENTO6,39,224.0,2018-11-29,17:19:27
31.0,10.0,,33,224.0,2018-11-29,17:19:27
31.0,10.0,ICTLab 506,33,224.0,2018-11-29,17:19:27
31.0,10.0,124b2,35,224.0,2018-11-29,17:19:27
31.0,10.0,ICTLab Y 5GHz,33,224.0,2018-11-29,17:19:27
31.0,10.0,Trung tam CNVLMT,33,224.0,2018-11-29,17:19:27
31.0,10.0,USTH_404_5G,33,224.0,2018-11-29,17:19:27
31.0,10.0,USTH-AP11,30,224.0,2018-11-29,17:19:27
31.0,10.0,USTH_WEO,30,224.0,2018-11-29,17:19:27
31.0,10.0,VLKLTT,22,224.0,2018-11-29,17:19:27
31.0,10.0,USTH_404,19,224.0,2018-11-29,17:19:27
31.0,10.0,TP-LINK_E31588,19,224.0,2018-11-29,17:19:27
31.0,10.0,TP-LINK_686E,15,224.0,2018-11-29,17:19:27
31.0,10.0,USTH-PMAB,13,224.0,2018-11-29,17:19:27

31.0,10.0,USTH502-Guest2,99,347.0,2018-11-29,17:19:30
31.0,10.0,USTH502-Guest1,90,347.0,2018-11-29,17:19:30
31.0,10.0,USTH-6TH-STAFF,70,347.0,2018-11-29,17:19:30
31.0,10.0,ICTLab Y,55,347.0,2018-11-29,17:19:30
31.0,10.0,USTH-PUBLICT6,46,347.0,2018-11-29,17:19:30
31.0,10.0,USTH HTQT,39,347.0,2018-11-29,17:19:30
31.0,10.0,USTHSTUDENTO6,39,347.0,2018-11-29,17:19:30
31.0,10.0,,33,347.0,2018-11-29,17:19:30
31.0,10.0,ICTLab 506,33,347.0,2018-11-29,17:19:30
31.0,10.0,124b2,35,347.0,2018-11-29,17:19:30
31.0,10.0,ICTLab Y 5GHz,33,347.0,2018-11-29,17:19:30
31.0,10.0,Trung tam CNVLMT,33,347.0,2018-11-29,17:19:30
31.0,10.0,USTH_404_5G,33,347.0,2018-11-29,17:19:30
31.0,10.0,USTH-AP11,30,347.0,2018-11-29,17:19:30
31.0,10.0,USTH_WEO,30,347.0,2018-11-29,17:19:30
31.0,10.0,VLKLTT,22,347.0,2018-11-29,17:19:30
31.0,10.0,USTH_404,19,347.0,2018-11-29,17:19:30
31.0,10.0,TP-LINK_E31588,19,347.0,2018-11-29,17:19:30
31.0,10.0,TP-LINK_686E,15,347.0,2018-11-29,17:19:30
31.0,10.0,USTH-PMAB,13,347.0,2018-11-29,17:19:30

31.0,11.0,USTH502-Guest2,99,90.0,2018-11-29,17:19:35
31.0,11.0,USTH502-Guest1,90,90.0,2018-11-29,17:19:35
31.0,11.0,USTH-6TH-STAFF,70,90.0,2018-11-29,17:19:35
31.0,11.0,ICTLab Y,55,90.0,2018-11-29,17:19:35
31.0,11.0,USTH-PUBLICT6,46,90.0,2018-11-29,17:19:35
31.0,11.0,USTH HTQT,39,90.0,2018-11-29,17:19:35
31.0,11.0,USTHSTUDENTO6,39,90.0,2018-11-29,17:19:35
31.0,11.0,,33,90.0,2018-11-29,17:19:35
31.0,11.0,ICTLab 506,33,90.0,2018-11-29,17:19:35
31.0,11.0,124b2,35,90.0,2018-11-29,17:19:35
31.0,11.0,ICTLab Y 5GHz,33,90.0,2018-11-29,17:19:35
31.0,11.0,Trung tam CNVLMT,33,90.0,2018-11-29,17:19:35
31.0,11.0,USTH_404_5G,33,90.0,2018-11-29,17:19:35
31.0,11.0,USTH-AP11,30,90.0,2018-11-29,17:19:35
31.0,11.0,USTH_WEO,30,90.0,2018-11-29,17:19:35
31.0,11.0,VLKLTT,22,90.0,2018-11-29,17:19:35
31.0,11.0,USTH_404,19,90.0,2018-11-29,17:19:35
31.0,11.0,TP-LINK_E31588,19,90.0,2018-11-29,17:19:35
31.0,11.0,TP-LINK_686E,15,90.0,2018-11-29,17:19:35
31.0,11.0,USTH-PMAB,13,90.0,2018-11-29,17:19:35

31.0,11.0,USTH502-Guest2,99,161.0,2018-11-29,17:19:39
31.0,11.0,USTH502-Guest1,99,161.0,2018-11-29,17:19:39
31.0,11.0,ICTLab Y,63,161.0,2018-11-29,17:19:39
31.0,11.0,USTH HTQT,50,161.0,2018-11-29,17:19:39
31.0,11.0,USTH-6TH-STAFF,48,161.0,2018-11-29,17:19:39
31.0,11.0,USTH-PUBLICT6,41,161.0,2018-11-29,17:19:39
31.0,11.0,USTHSTUDENTO6,39,161.0,2018-11-29,17:19:39
31.0,11.0,USTH-AP11,37,161.0,2018-11-29,17:19:39
31.0,11.0,ICTLab 506,41,161.0,2018-11-29,17:19:39
31.0,11.0,USTH_WEO,39,161.0,2018-11-29,17:19:39
31.0,11.0,124b2,39,161.0,2018-11-29,17:19:39
31.0,11.0,ICTLab Y 5GHz,41,161.0,2018-11-29,17:19:39
31.0,11.0,Trung tam CNVLMT,33,161.0,2018-11-29,17:19:39
31.0,11.0,USTH_404_5G,33,161.0,2018-11-29,17:19:39
31.0,11.0,VLKLTT,22,161.0,2018-11-29,17:19:39
31.0,11.0,USTH-PMAB,13,161.0,2018-11-29,17:19:39
31.0,11.0,THHC_Quang,15,161.0,2018-11-29,17:19:39

31.0,11.0,USTH502-Guest2,99,244.0,2018-11-29,17:19:41
31.0,11.0,USTH502-Guest1,88,244.0,2018-11-29,17:19:41
31.0,11.0,ICTLab Y,63,244.0,2018-11-29,17:19:41
31.0,11.0,USTH HTQT,50,244.0,2018-11-29,17:19:41
31.0,11.0,USTH-6TH-STAFF,44,244.0,2018-11-29,17:19:41
31.0,11.0,USTHSTUDENTO6,39,244.0,2018-11-29,17:19:41
31.0,11.0,ICTLab 506,33,244.0,2018-11-29,17:19:41
31.0,11.0,ICTLab Y 5GHz,41,244.0,2018-11-29,17:19:41
31.0,11.0,Trung tam CNVLMT,33,244.0,2018-11-29,17:19:41
31.0,11.0,USTH_404_5G,33,244.0,2018-11-29,17:19:41
31.0,11.0,USTH-PUBLICT6,28,244.0,2018-11-29,17:19:41
31.0,11.0,USTH-AP11,30,244.0,2018-11-29,17:19:41
31.0,11.0,USTH_WEO,30,244.0,2018-11-29,17:19:41
31.0,11.0,124b2,26,244.0,2018-11-29,17:19:41
31.0,11.0,VLKLTT,22,244.0,2018-11-29,17:19:41
31.0,11.0,USTH-UIU,24,244.0,2018-11-29,17:19:41
31.0,11.0,USTH-PMAB,13,244.0,2018-11-29,17:19:41
31.0,11.0,THHC_Quang,15,244.0,2018-11-29,17:19:41
31.0,11.0,USTH-Admin,19,244.0,2018-11-29,17:19:41
31.0,11.0,USTH-STAFF,15,244.0,2018-11-29,17:19:41
31.0,11.0,TP-Link_6300,15,244.0,2018-11-29,17:19:41
31.0,11.0,TP-LINK,13,244.0,2018-11-29,17:19:41

31.0,11.0,USTH502-Guest2,99,348.0,2018-11-29,17:19:43
31.0,11.0,USTH502-Guest1,88,348.0,2018-11-29,17:19:43
31.0,11.0,ICTLab Y,63,348.0,2018-11-29,17:19:43
31.0,11.0,USTH HTQT,50,348.0,2018-11-29,17:19:43
31.0,11.0,USTH-6TH-STAFF,44,348.0,2018-11-29,17:19:43
31.0,11.0,USTHSTUDENTO6,39,348.0,2018-11-29,17:19:43
31.0,11.0,ICTLab 506,33,348.0,2018-11-29,17:19:43
31.0,11.0,ICTLab Y 5GHz,41,348.0,2018-11-29,17:19:43
31.0,11.0,Trung tam CNVLMT,33,348.0,2018-11-29,17:19:43
31.0,11.0,USTH_404_5G,33,348.0,2018-11-29,17:19:43
31.0,11.0,USTH-PUBLICT6,28,348.0,2018-11-29,17:19:43
31.0,11.0,USTH-AP11,30,348.0,2018-11-29,17:19:43
31.0,11.0,USTH_WEO,30,348.0,2018-11-29,17:19:43
31.0,11.0,124b2,26,348.0,2018-11-29,17:19:43
31.0,11.0,VLKLTT,22,348.0,2018-11-29,17:19:43
31.0,11.0,USTH-UIU,24,348.0,2018-11-29,17:19:43
31.0,11.0,USTH-PMAB,13,348.0,2018-11-29,17:19:43
31.0,11.0,THHC_Quang,15,348.0,2018-11-29,17:19:43
31.0,11.0,USTH-Admin,19,348.0,2018-11-29,17:19:43
31.0,11.0,USTH-STAFF,15,348.0,2018-11-29,17:19:43
31.0,11.0,TP-Link_6300,15,348.0,2018-11-29,17:19:43
31.0,11.0,TP-LINK,13,348.0,2018-11-29,17:19:43

31.0,12.0,USTH502-Guest2,92,86.0,2018-11-29,17:19:51
31.0,12.0,USTH502-Guest1,90,86.0,2018-11-29,17:19:51
31.0,12.0,ICTLab Y,63,86.0,2018-11-29,17:19:51
31.0,12.0,USTH-6TH-STAFF,44,86.0,2018-11-29,17:19:51
31.0,12.0,USTH HTQT,33,86.0,2018-11-29,17:19:51
31.0,12.0,ICTLab 506,33,86.0,2018-11-29,17:19:51
31.0,12.0,ICTLab Y 5GHz,41,86.0,2018-11-29,17:19:51
31.0,12.0,USTH_404_5G,33,86.0,2018-11-29,17:19:51
31.0,12.0,USTH-PUBLICT6,28,86.0,2018-11-29,17:19:51
31.0,12.0,USTH-AP11,24,86.0,2018-11-29,17:19:51
31.0,12.0,USTH_WEO,30,86.0,2018-11-29,17:19:51
31.0,12.0,124b2,26,86.0,2018-11-29,17:19:51
31.0,12.0,VLKLTT,22,86.0,2018-11-29,17:19:51
31.0,12.0,USTH-UIU,24,86.0,2018-11-29,17:19:51
31.0,12.0,THHC_Quang,15,86.0,2018-11-29,17:19:51
31.0,12.0,USTH-Admin,19,86.0,2018-11-29,17:19:51
31.0,12.0,USTH-STAFF,15,86.0,2018-11-29,17:19:51
31.0,12.0,TP-Link_6300,15,86.0,2018-11-29,17:19:51
31.0,12.0,TP-LINK,13,86.0,2018-11-29,17:19:51

31.0,12.0,USTH502-Guest2,99,156.0,2018-11-29,17:19:54
31.0,12.0,USTH502-Guest1,85,156.0,2018-11-29,17:19:54
31.0,12.0,ICTLab Y,61,156.0,2018-11-29,17:19:54
31.0,12.0,USTH-6TH-STAFF,44,156.0,2018-11-29,17:19:54
31.0,12.0,ICTLab Y 5GHz,46,156.0,2018-11-29,17:19:54
31.0,12.0,USTH HTQT,39,156.0,2018-11-29,17:19:54
31.0,12.0,USTH-PUBLICT6,39,156.0,2018-11-29,17:19:54
31.0,12.0,ICTLab 506,33,156.0,2018-11-29,17:19:54
31.0,12.0,USTH_404_5G,33,156.0,2018-11-29,17:19:54
31.0,12.0,USTH-AP11,24,156.0,2018-11-29,17:19:54
31.0,12.0,USTH_WEO,30,156.0,2018-11-29,17:19:54
31.0,12.0,124b2,26,156.0,2018-11-29,17:19:54
31.0,12.0,USTH-UIU,24,156.0,2018-11-29,17:19:54
31.0,12.0,THHC_Quang,15,156.0,2018-11-29,17:19:54
31.0,12.0,USTH-Admin,19,156.0,2018-11-29,17:19:54
31.0,12.0,USTH-STAFF,15,156.0,2018-11-29,17:19:54
31.0,12.0,TP-Link_6300,15,156.0,2018-11-29,17:19:54
31.0,12.0,TP-LINK,13,156.0,2018-11-29,17:19:54

31.0,12.0,USTH502-Guest2,99,231.0,2018-11-29,17:19:56
31.0,12.0,USTH502-Guest1,85,231.0,2018-11-29,17:19:56
31.0,12.0,ICTLab Y,61,231.0,2018-11-29,17:19:56
31.0,12.0,USTH-6TH-STAFF,44,231.0,2018-11-29,17:19:56
31.0,12.0,ICTLab Y 5GHz,46,231.0,2018-11-29,17:19:56
31.0,12.0,USTH HTQT,39,231.0,2018-11-29,17:19:56
31.0,12.0,USTH-PUBLICT6,39,231.0,2018-11-29,17:19:56
31.0,12.0,ICTLab 506,33,231.0,2018-11-29,17:19:56
31.0,12.0,USTH_404_5G,33,231.0,2018-11-29,17:19:56
31.0,12.0,USTH-AP11,24,231.0,2018-11-29,17:19:56
31.0,12.0,USTH_WEO,30,231.0,2018-11-29,17:19:56
31.0,12.0,124b2,26,231.0,2018-11-29,17:19:56
31.0,12.0,USTH-UIU,24,231.0,2018-11-29,17:19:56
31.0,12.0,THHC_Quang,15,231.0,2018-11-29,17:19:56
31.0,12.0,USTH-Admin,19,231.0,2018-11-29,17:19:56
31.0,12.0,USTH-STAFF,15,231.0,2018-11-29,17:19:56
31.0,12.0,TP-Link_6300,15,231.0,2018-11-29,17:19:56
31.0,12.0,TP-LINK,13,231.0,2018-11-29,17:19:56

31.0,12.0,USTH502-Guest2,99,348.0,2018-11-29,17:19:59
31.0,12.0,USTH502-Guest1,85,348.0,2018-11-29,17:19:59
31.0,12.0,ICTLab Y,61,348.0,2018-11-29,17:19:59
31.0,12.0,USTH-6TH-STAFF,44,348.0,2018-11-29,17:19:59
31.0,12.0,ICTLab Y 5GHz,46,348.0,2018-11-29,17:19:59
31.0,12.0,USTH HTQT,39,348.0,2018-11-29,17:19:59
31.0,12.0,USTH-PUBLICT6,39,348.0,2018-11-29,17:19:59
31.0,12.0,ICTLab 506,33,348.0,2018-11-29,17:19:59
31.0,12.0,USTH_404_5G,33,348.0,2018-11-29,17:19:59
31.0,12.0,USTH-AP11,24,348.0,2018-11-29,17:19:59
31.0,12.0,USTH_WEO,30,348.0,2018-11-29,17:19:59
31.0,12.0,124b2,26,348.0,2018-11-29,17:19:59
31.0,12.0,USTH-UIU,24,348.0,2018-11-29,17:19:59
31.0,12.0,THHC_Quang,15,348.0,2018-11-29,17:19:59
31.0,12.0,USTH-Admin,19,348.0,2018-11-29,17:19:59
31.0,12.0,USTH-STAFF,15,348.0,2018-11-29,17:19:59
31.0,12.0,TP-Link_6300,15,348.0,2018-11-29,17:19:59
31.0,12.0,TP-LINK,13,348.0,2018-11-29,17:19:59

31.0,13.0,USTH502-Guest2,99,87.0,2018-11-29,17:20:6
31.0,13.0,USTH502-Guest1,99,87.0,2018-11-29,17:20:6
31.0,13.0,ICTLab Y,61,87.0,2018-11-29,17:20:6
31.0,13.0,ICTLab Y 5GHz,59,87.0,2018-11-29,17:20:6
31.0,13.0,USTH-6TH-STAFF,44,87.0,2018-11-29,17:20:6
31.0,13.0,USTH HTQT,39,87.0,2018-11-29,17:20:6
31.0,13.0,USTH-PUBLICT6,39,87.0,2018-11-29,17:20:6
31.0,13.0,ICTLab 506,33,87.0,2018-11-29,17:20:6
31.0,13.0,USTH_404_5G,33,87.0,2018-11-29,17:20:6
31.0,13.0,USTHSTUDENTO6,39,87.0,2018-11-29,17:20:6
31.0,13.0,USTH_WEO,30,87.0,2018-11-29,17:20:6
31.0,13.0,124b2,26,87.0,2018-11-29,17:20:6
31.0,13.0,USTH-UIU,24,87.0,2018-11-29,17:20:6
31.0,13.0,USTH-AP11,19,87.0,2018-11-29,17:20:6
31.0,13.0,THHC_Quang,15,87.0,2018-11-29,17:20:6
31.0,13.0,USTH-Admin,19,87.0,2018-11-29,17:20:6
31.0,13.0,USTH-STAFF,15,87.0,2018-11-29,17:20:6
31.0,13.0,TP-Link_6300,15,87.0,2018-11-29,17:20:6
31.0,13.0,TP-LINK,13,87.0,2018-11-29,17:20:6

31.0,13.0,USTH502-Guest2,99,162.0,2018-11-29,17:20:9
31.0,13.0,USTH502-Guest1,88,162.0,2018-11-29,17:20:9
31.0,13.0,ICTLab Y,70,162.0,2018-11-29,17:20:9
31.0,13.0,ICTLab Y 5GHz,59,162.0,2018-11-29,17:20:9
31.0,13.0,USTH-6TH-STAFF,44,162.0,2018-11-29,17:20:9
31.0,13.0,USTH HTQT,39,162.0,2018-11-29,17:20:9
31.0,13.0,USTH-PUBLICT6,39,162.0,2018-11-29,17:20:9
31.0,13.0,ICTLab 506,33,162.0,2018-11-29,17:20:9
31.0,13.0,USTH_404_5G,33,162.0,2018-11-29,17:20:9
31.0,13.0,USTHSTUDENTO6,39,162.0,2018-11-29,17:20:9
31.0,13.0,USTH_WEO,28,162.0,2018-11-29,17:20:9
31.0,13.0,124b2,26,162.0,2018-11-29,17:20:9
31.0,13.0,USTH-UIU,24,162.0,2018-11-29,17:20:9
31.0,13.0,USTH-AP11,19,162.0,2018-11-29,17:20:9
31.0,13.0,USTH-Admin,19,162.0,2018-11-29,17:20:9
31.0,13.0,USTH-STAFF,15,162.0,2018-11-29,17:20:9
31.0,13.0,TP-Link_6300,15,162.0,2018-11-29,17:20:9
31.0,13.0,TP-LINK,13,162.0,2018-11-29,17:20:9

31.0,13.0,USTH502-Guest2,83,225.0,2018-11-29,17:20:11
31.0,13.0,USTH502-Guest1,72,225.0,2018-11-29,17:20:11
31.0,13.0,ICTLab Y,70,225.0,2018-11-29,17:20:11
31.0,13.0,ICTLab Y 5GHz,59,225.0,2018-11-29,17:20:11
31.0,13.0,USTH HTQT,39,225.0,2018-11-29,17:20:11
31.0,13.0,USTH-PUBLICT6,39,225.0,2018-11-29,17:20:11
31.0,13.0,ICTLab 506,33,225.0,2018-11-29,17:20:11
31.0,13.0,USTH-6TH-STAFF,33,225.0,2018-11-29,17:20:11
31.0,13.0,USTH_404_5G,33,225.0,2018-11-29,17:20:11
31.0,13.0,USTH_WEO,28,225.0,2018-11-29,17:20:11
31.0,13.0,124b2,24,225.0,2018-11-29,17:20:11
31.0,13.0,USTH-UIU,24,225.0,2018-11-29,17:20:11
31.0,13.0,USTHSTUDENTO6,22,225.0,2018-11-29,17:20:11
31.0,13.0,USTH-AP11,17,225.0,2018-11-29,17:20:11
31.0,13.0,Trung tam CNVLMT,17,225.0,2018-11-29,17:20:11

31.0,13.0,USTH502-Guest2,83,346.0,2018-11-29,17:20:14
31.0,13.0,USTH502-Guest1,72,346.0,2018-11-29,17:20:14
31.0,13.0,ICTLab Y,70,346.0,2018-11-29,17:20:14
31.0,13.0,ICTLab Y 5GHz,59,346.0,2018-11-29,17:20:14
31.0,13.0,USTH HTQT,39,346.0,2018-11-29,17:20:14
31.0,13.0,USTH-PUBLICT6,39,346.0,2018-11-29,17:20:14
31.0,13.0,ICTLab 506,33,346.0,2018-11-29,17:20:14
31.0,13.0,USTH-6TH-STAFF,33,346.0,2018-11-29,17:20:14
31.0,13.0,USTH_404_5G,33,346.0,2018-11-29,17:20:14
31.0,13.0,USTH_WEO,28,346.0,2018-11-29,17:20:14
31.0,13.0,124b2,24,346.0,2018-11-29,17:20:14
31.0,13.0,USTH-UIU,24,346.0,2018-11-29,17:20:14
31.0,13.0,USTHSTUDENTO6,22,346.0,2018-11-29,17:20:14
31.0,13.0,USTH-AP11,17,346.0,2018-11-29,17:20:14
31.0,13.0,Trung tam CNVLMT,17,346.0,2018-11-29,17:20:14